ID;title;authors_firstname;authors_surname;description
1;Pan Tadeusz;Adam;Mickiewicz;yeahLorem ipsum dolor sit amet, consectetur adipiscing elit. Aliquam tellus sem, sodales eget nibh venenatis, dictum laoreet leo. Curabitur eleifend tellus eget tortor consectetur egestas. Nullam finibus pellentesque elit non lacinia. Integer venenatis pellentesque turpis, sit amet faucibus lectus. Duis vitae lacus nisi. Ut maximus nisi quis posuere ultricies. Quisque eu massa ligula. Orci varius natoque penatibus et magnis dis parturient montes, nascetur ridiculus mus. Cras faucibus laoreet nisl non pellentesque. Curabitur volutpat nisi ac varius rutrum. Suspendisse potenti. Aenean efficitur efficitur nisl faucibus scelerisque. Etiam mattis est eu volutpat tristique. Nullam vitae massa consectetur, fermentum elit eu, fringilla nunc. Vivamus ac consectetur purus. Nunc at sem sed odio volutpat tempus. Donec in semper est. Phasellus quis sollicitudin massa. Nullam turpis lorem, eleifend eu laoreet vitae, egestas et ipsum. Curabitur sagittis pharetra blandit. Phasellus posuere augue vitae enim dapibus vulputate."
2;Lalka;Boles�aw;Prus;"yeahLorem ipsum dolor sit amet, consectetur adipiscing elit. Aliquam tellus sem, sodales eget nibh venenatis, dictum laoreet leo. Curabitur eleifend tellus eget tortor consectetur egestas. Nullam finibus pellentesque elit non lacinia. Integer venenatis pellentesque turpis, sit amet faucibus lectus. Duis vitae lacus nisi. Ut maximus nisi quis posuere ultricies. Quisque eu massa ligula. Orci varius natoque penatibus et magnis dis parturient montes, nascetur ridiculus mus. Cras faucibus laoreet nisl non pellentesque. Curabitur volutpat nisi ac varius rutrum. Suspendisse potenti.Aenean efficitur efficitur nisl faucibus scelerisque. Etiam mattis est eu volutpat tristique. Nullam vitae massa consectetur, fermentum elit eu, fringilla nunc. Vivamus ac consectetur purus. Nunc at sem sed odio volutpat tempus. Donec in semper est. Phasellus quis sollicitudin massa. Nullam turpis lorem, eleifend eu laoreet vitae, egestas et ipsum. Curabitur sagittis pharetra blandit. Phasellus posuere augue vitae enim dapibus vulputate."
3;Que Vadis;Henryk;Sienkiewicz ;"yeahLorem ipsum dolor sit amet, consectetur adipiscing elit. Aliquam tellus sem, sodales eget nibh venenatis, dictum laoreet leo. Curabitur eleifend tellus eget tortor consectetur egestas. Nullam finibus pellentesque elit non lacinia. Integer venenatis pellentesque turpis, sit amet faucibus lectus. Duis vitae lacus nisi. Ut maximus nisi quis posuere ultricies. Quisque eu massa ligula. Orci varius natoque penatibus et magnis dis parturient montes, nascetur ridiculus mus. Cras faucibus laoreet nisl non pellentesque. Curabitur volutpat nisi ac varius rutrum. Suspendisse potenti.Aenean efficitur efficitur nisl faucibus scelerisque. Etiam mattis est eu volutpat tristique. Nullam vitae massa consectetur, fermentum elit eu, fringilla nunc. Vivamus ac consectetur purus. Nunc at sem sed odio volutpat tempus. Donec in semper est. Phasellus quis sollicitudin massa. Nullam turpis lorem, eleifend eu laoreet vitae, egestas et ipsum. Curabitur sagittis pharetra blandit. Phasellus posuere augue vitae enim dapibus vulputate."
4;Przedwio�nie;Stefan;�eromski;"yeahLorem ipsum dolor sit amet, consectetur adipiscing elit. Aliquam tellus sem, sodales eget nibh venenatis, dictum laoreet leo. Curabitur eleifend tellus eget tortor consectetur egestas. Nullam finibus pellentesque elit non lacinia. Integer venenatis pellentesque turpis, sit amet faucibus lectus. Duis vitae lacus nisi. Ut maximus nisi quis posuere ultricies. Quisque eu massa ligula. Orci varius natoque penatibus et magnis dis parturient montes, nascetur ridiculus mus. Cras faucibus laoreet nisl non pellentesque. Curabitur volutpat nisi ac varius rutrum. Suspendisse potenti.Aenean efficitur efficitur nisl faucibus scelerisque. Etiam mattis est eu volutpat tristique. Nullam vitae massa consectetur, fermentum elit eu, fringilla nunc. Vivamus ac consectetur purus. Nunc at sem sed odio volutpat tempus. Donec in semper est. Phasellus quis sollicitudin massa. Nullam turpis lorem, eleifend eu laoreet vitae, egestas et ipsum. Curabitur sagittis pharetra blandit. Phasellus posuere augue vitae enim dapibus vulputate."
5;Inny �wiat;Gustaw;Herling-Grudzi�ski;"yeahLorem ipsum dolor sit amet, consectetur adipiscing elit. Aliquam tellus sem, sodales eget nibh venenatis, dictum laoreet leo. Curabitur eleifend tellus eget tortor consectetur egestas. Nullam finibus pellentesque elit non lacinia. Integer venenatis pellentesque turpis, sit amet faucibus lectus. Duis vitae lacus nisi. Ut maximus nisi quis posuere ultricies. Quisque eu massa ligula. Orci varius natoque penatibus et magnis dis parturient montes, nascetur ridiculus mus. Cras faucibus laoreet nisl non pellentesque. Curabitur volutpat nisi ac varius rutrum. Suspendisse potenti.Aenean efficitur efficitur nisl faucibus scelerisque. Etiam mattis est eu volutpat tristique. Nullam vitae massa consectetur, fermentum elit eu, fringilla nunc. Vivamus ac consectetur purus. Nunc at sem sed odio volutpat tempus. Donec in semper est. Phasellus quis sollicitudin massa. Nullam turpis lorem, eleifend eu laoreet vitae, egestas et ipsum. Curabitur sagittis pharetra blandit. Phasellus posuere augue vitae enim dapibus vulputate."
6;;;;
7;;;;
8;;;;
9;;;;
10;;;;
